{"name":"Stone-step1",
"vertices":[10.178,-0.065,-0.781,10.158,-0.224,-0.254,10.068,0.000,-0.301,11.067,0.000,-0.799,10.643,-0.224,-0.761,10.643,0.080,-0.869,11.205,0.051,0.294,10.990,-0.224,0.762,11.129,-0.371,0.254,10.232,0.000,0.903,10.643,-0.130,0.941,10.643,0.000,1.058,10.643,0.224,0.269,10.939,0.224,0.807,11.158,0.224,0.269,10.643,-0.224,0.269,10.297,-0.224,0.762,10.184,-0.327,0.240,10.322,0.224,0.683,10.171,0.224,0.240,11.043,0.060,0.878,10.297,-0.224,-0.761,10.212,0.224,-0.732,10.643,0.224,-0.269,10.643,0.224,-0.808,10.129,0.224,-0.269,10.990,-0.266,-0.761,10.643,-0.224,-0.269,11.129,-0.224,-0.254,11.068,0.224,-0.728,11.202,0.224,-0.359,11.192,-0.099,-0.287,10.088,-0.073,0.291,10.682,0.224,0.908],
"textures":[0.43164,0.93750],
"normals":[-0.904787,-0.396864,-0.154466,0.093759,-0.331314,-0.938851,0.929798,-0.197260,0.310747,-0.269297,-0.642759,0.717175,0.000000,1.000000,-0.000000,0.207023,-0.967442,0.145592,-0.277794,-0.940528,0.195544,-0.000000,1.000000,-0.000000,0.329033,-0.408377,0.851449,-0.117998,-0.208572,-0.970863,-0.120040,-0.992769,-0.000039,0.000000,-1.000000,-0.000000,-0.006493,-0.979184,-0.202871,0.910815,-0.302666,-0.280729,0.898606,-0.429242,0.090878,-0.874240,-0.412729,0.255655,-0.935693,-0.352035,-0.023440,-0.957760,0.279698,0.066820,-0.861844,0.485958,0.145153,0.997334,-0.017325,0.070881,0.934359,0.103919,-0.340843,-0.239539,0.191499,-0.951814,0.310158,0.533469,0.786901,-0.290263,0.564092,0.773012,0.885925,0.291264,0.360974,0.169774,0.385786,-0.906833,-0.944797,0.280127,-0.169962,-0.771882,-0.599831,-0.210717,-0.016076,-0.132956,-0.990992,0.924530,-0.277788,0.260916,-0.251396,-0.566834,0.784537,0.193633,-0.971577,0.136177,-0.193586,-0.971574,0.136267,0.399196,-0.611485,0.683176,0.000000,-0.332820,-0.942990,-0.002654,-0.996549,0.082962,-0.286252,-0.920598,-0.265629,0.218103,-0.975926,-0.000000,0.854297,-0.482466,-0.193401,0.983664,-0.172955,-0.049908,-0.881785,-0.389080,0.266594,-0.926389,-0.376248,-0.015517,-0.964881,0.250055,0.080485,-0.901721,0.304954,0.306437,0.964613,0.249170,-0.086236,0.963736,-0.088369,-0.251801,-0.160545,0.386389,-0.908256,0.294503,0.493308,0.818483,-0.367063,0.722203,0.586248,0.783744,0.584939,0.208788,0.210263,0.292039,-0.933007,-0.958455,0.152298,-0.241184],
"smoothness":"000000000000000000000000000000000000000000000000000000000000000000000000000000000000000000000000000000000000000000000000000000000000000000000000000000000000000000000000000000000000000000000000",
"faces":[0,0,0,1,0,0,2,0,0,3,0,1,4,0,1,5,0,1,6,0,2,7,0,2,8,0,2,9,0,3,10,0,3,11,0,3,12,0,4,13,0,4,14,0,4,15,0,5,16,0,5,17,0,5,7,0,6,15,0,6,8,0,6,18,0,7,12,0,7,19,0,7,20,0,8,10,0,8,7,0,8,5,0,9,21,0,9,0,0,9,22,0,4,23,0,4,24,0,4,19,0,4,23,0,4,25,0,4,26,0,10,27,0,10,4,0,10,28,0,11,15,0,11,27,0,11,27,0,11,21,0,11,4,0,11,27,0,12,17,0,12,1,0,12,23,0,4,29,0,4,24,0,4,23,0,4,14,0,4,30,0,4,31,0,13,26,0,13,3,0,13,6,0,14,28,0,14,31,0,14,32,0,15,16,0,15,9,0,15,32,0,16,1,0,16,17,0,16,19,0,17,2,0,17,32,0,17,18,0,18,32,0,18,9,0,18,14,0,19,31,0,19,30,0,19,30,0,20,3,0,20,29,0,20,22,0,21,5,0,21,0,0,21,33,0,22,20,0,22,13,0,22,33,0,23,9,0,23,11,0,23,13,0,24,6,0,24,14,0,24,29,0,25,5,0,25,24,0,25,22,0,26,2,0,26,25,0,26,0,0,27,21,0,27,1,0,27,3,0,28,26,0,28,4,0,28,6,0,29,20,0,29,7,0,29,9,0,30,16,0,30,10,0,30,12,0,4,33,0,4,13,0,4,15,0,31,10,0,31,16,0,31,7,0,32,10,0,32,15,0,32,18,0,7,33,0,7,12,0,7,20,0,33,11,0,33,10,0,33,5,0,34,4,0,34,21,0,34,22,0,4,25,0,4,23,0,4,19,0,4,12,0,4,23,0,4,26,0,35,28,0,35,27,0,35,28,0,36,8,0,36,15,0,36,27,0,11,1,0,11,21,0,11,27,0,37,15,0,37,17,0,37,23,0,4,30,0,4,29,0,4,23,0,4,12,0,4,14,0,4,31,0,38,28,0,38,26,0,38,6,0,39,8,0,39,28,0,39,32,0,40,17,0,40,16,0,40,32,0,41,2,0,41,1,0,41,19,0,42,25,0,42,2,0,42,18,0,43,19,0,43,32,0,43,14,0,44,6,0,44,31,0,44,30,0,45,31,0,45,3,0,45,22,0,46,24,0,46,5,0,46,33,0,47,11,0,47,20,0,47,33,0,48,18,0,48,9,0,48,13,0,49,20,0,49,6,0,49,29,0,50,3,0,50,5,0,50,22,0,51,0,0,51,2,0,51]}